{
    "CharacterName": "Eagle AW2",
    "BounceAmount": 0.0,
    "Elements": [
        {
            "Position": {
                "x": 0.0,
                "y": 0.0
            },
            "Anchor": {
                "x": 0.0,
                "y": 0.0
            },
            "Layer": 1,
            "ImageName": "aw1_eagle_empty.png",
            "ImageName_Blink": "full_blink_aw1_eagle.png",
            "RotationToggle": 0,
            "LookShape": 0,
            "LookMaxDistance": 0.0,
            "MouthID": 0,
            "LayerDisableFlags": {
                "Bits0": 0
            },
            "ImageName_PP": "",
            "ImageName_FF": "",
            "ImageName_TH": "",
            "ImageName_DD": "",
            "ImageName_kk": "",
            "ImageName_CH": "",
            "ImageName_SS": "",
            "ImageName_nn": "",
            "ImageName_RR": "",
            "ImageName_aa": "",
            "ImageName_E": "",
            "ImageName_I": "",
            "ImageName_O": "",
            "ImageName_U": ""
        },
        {
            "Position": {
                "x": 0.0,
                "y": 0.0
            },
            "Anchor": {
                "x": 0.0,
                "y": 0.0
            },
            "Layer": 0,
            "ImageName": "base_aw1_eagle.png",
            "ImageName_Blink": "blink_aw1_eagle.png",
            "RotationToggle": 0,
            "LookShape": 0,
            "LookMaxDistance": 0.0,
            "MouthID": 0,
            "LayerDisableFlags": {
                "Bits0": 0
            },
            "ImageName_PP": "pbm_aw1_eagle.png",
            "ImageName_FF": "FV_aw1_eagle.png",
            "ImageName_TH": "TH_aw1_eagle.png",
            "ImageName_DD": "D_aw1_eagle.png",
            "ImageName_kk": "KG_aw1_eagle.png",
            "ImageName_CH": "CH_aw1_eagle.png",
            "ImageName_SS": "S_aw1_eagle.png",
            "ImageName_nn": "L_aw1_eagle.png",
            "ImageName_RR": "R_aw1_eagle.png",
            "ImageName_aa": "AA_aw1_eagle.png",
            "ImageName_E": "EE_aw1_eagle.png",
            "ImageName_I": "ii_aw1_eagle.png",
            "ImageName_O": "O_aw1_eagle.png",
            "ImageName_U": "U_aw1_eagle.png"
        }
    ],
    "CameraSize": 1597.96484375,
    "BackgroundColor": 3,
    "KeyboardMappings": [
        "{\"dataVersion\":2,\"sourceMapId\":1,\"categoryId\":1,\"layoutId\":0,\"name\":\"\",\"hardwareGuid\":\"00000000-0000-0000-0000-000000000000\",\"enabled\":true,\"buttonMaps\":[{\"actionCategoryId\":0,\"actionId\":0,\"elementType\":1,\"elementIdentifierId\":28,\"axisRange\":0,\"invert\":false,\"axisContribution\":0,\"keyboardKeyCode\":49,\"modifierKey1\":2,\"modifierKey2\":0,\"modifierKey3\":0,\"enabled\":true},{\"actionCategoryId\":0,\"actionId\":3,\"elementType\":1,\"elementIdentifierId\":29,\"axisRange\":0,\"invert\":false,\"axisContribution\":0,\"keyboardKeyCode\":50,\"modifierKey1\":2,\"modifierKey2\":0,\"modifierKey3\":0,\"enabled\":true},{\"actionCategoryId\":0,\"actionId\":4,\"elementType\":1,\"elementIdentifierId\":30,\"axisRange\":0,\"invert\":false,\"axisContribution\":0,\"keyboardKeyCode\":51,\"modifierKey1\":2,\"modifierKey2\":0,\"modifierKey3\":0,\"enabled\":true},{\"actionCategoryId\":0,\"actionId\":5,\"elementType\":1,\"elementIdentifierId\":31,\"axisRange\":0,\"invert\":false,\"axisContribution\":0,\"keyboardKeyCode\":52,\"modifierKey1\":2,\"modifierKey2\":0,\"modifierKey3\":0,\"enabled\":true},{\"actionCategoryId\":0,\"actionId\":6,\"elementType\":1,\"elementIdentifierId\":32,\"axisRange\":0,\"invert\":false,\"axisContribution\":0,\"keyboardKeyCode\":53,\"modifierKey1\":2,\"modifierKey2\":0,\"modifierKey3\":0,\"enabled\":true},{\"actionCategoryId\":0,\"actionId\":7,\"elementType\":1,\"elementIdentifierId\":33,\"axisRange\":0,\"invert\":false,\"axisContribution\":0,\"keyboardKeyCode\":54,\"modifierKey1\":2,\"modifierKey2\":0,\"modifierKey3\":0,\"enabled\":true},{\"actionCategoryId\":0,\"actionId\":8,\"elementType\":1,\"elementIdentifierId\":34,\"axisRange\":0,\"invert\":false,\"axisContribution\":0,\"keyboardKeyCode\":55,\"modifierKey1\":2,\"modifierKey2\":0,\"modifierKey3\":0,\"enabled\":true},{\"actionCategoryId\":0,\"actionId\":9,\"elementType\":1,\"elementIdentifierId\":35,\"axisRange\":0,\"invert\":false,\"axisContribution\":0,\"keyboardKeyCode\":56,\"modifierKey1\":2,\"modifierKey2\":0,\"modifierKey3\":0,\"enabled\":true}]}",
        "{\"dataVersion\":2,\"sourceMapId\":0,\"categoryId\":0,\"layoutId\":0,\"name\":\"\",\"hardwareGuid\":\"00000000-0000-0000-0000-000000000000\",\"enabled\":true,\"buttonMaps\":[{\"actionCategoryId\":0,\"actionId\":11,\"elementType\":1,\"elementIdentifierId\":5,\"axisRange\":0,\"invert\":false,\"axisContribution\":0,\"keyboardKeyCode\":101,\"modifierKey1\":1,\"modifierKey2\":0,\"modifierKey3\":0,\"enabled\":true},{\"actionCategoryId\":0,\"actionId\":13,\"elementType\":1,\"elementIdentifierId\":18,\"axisRange\":0,\"invert\":false,\"axisContribution\":0,\"keyboardKeyCode\":114,\"modifierKey1\":1,\"modifierKey2\":0,\"modifierKey3\":0,\"enabled\":true},{\"actionCategoryId\":0,\"actionId\":14,\"elementType\":1,\"elementIdentifierId\":26,\"axisRange\":0,\"invert\":false,\"axisContribution\":0,\"keyboardKeyCode\":122,\"modifierKey1\":1,\"modifierKey2\":0,\"modifierKey3\":0,\"enabled\":true},{\"actionCategoryId\":0,\"actionId\":15,\"elementType\":1,\"elementIdentifierId\":25,\"axisRange\":0,\"invert\":false,\"axisContribution\":0,\"keyboardKeyCode\":121,\"modifierKey1\":1,\"modifierKey2\":0,\"modifierKey3\":0,\"enabled\":true},{\"actionCategoryId\":0,\"actionId\":16,\"elementType\":1,\"elementIdentifierId\":19,\"axisRange\":0,\"invert\":false,\"axisContribution\":0,\"keyboardKeyCode\":115,\"modifierKey1\":1,\"modifierKey2\":0,\"modifierKey3\":0,\"enabled\":true},{\"actionCategoryId\":0,\"actionId\":19,\"elementType\":1,\"elementIdentifierId\":119,\"axisRange\":0,\"invert\":false,\"axisContribution\":0,\"keyboardKeyCode\":306,\"modifierKey1\":0,\"modifierKey2\":0,\"modifierKey3\":0,\"enabled\":true},{\"actionCategoryId\":0,\"actionId\":20,\"elementType\":1,\"elementIdentifierId\":3,\"axisRange\":0,\"invert\":false,\"axisContribution\":0,\"keyboardKeyCode\":99,\"modifierKey1\":0,\"modifierKey2\":0,\"modifierKey3\":0,\"enabled\":true},{\"actionCategoryId\":0,\"actionId\":18,\"elementType\":1,\"elementIdentifierId\":89,\"axisRange\":0,\"invert\":false,\"axisContribution\":0,\"keyboardKeyCode\":273,\"modifierKey1\":0,\"modifierKey2\":0,\"modifierKey3\":0,\"enabled\":true},{\"actionCategoryId\":0,\"actionId\":18,\"elementType\":1,\"elementIdentifierId\":90,\"axisRange\":0,\"invert\":false,\"axisContribution\":1,\"keyboardKeyCode\":274,\"modifierKey1\":0,\"modifierKey2\":0,\"modifierKey3\":0,\"enabled\":true},{\"actionCategoryId\":0,\"actionId\":21,\"elementType\":1,\"elementIdentifierId\":92,\"axisRange\":0,\"invert\":false,\"axisContribution\":1,\"keyboardKeyCode\":276,\"modifierKey1\":0,\"modifierKey2\":0,\"modifierKey3\":0,\"enabled\":true},{\"actionCategoryId\":0,\"actionId\":21,\"elementType\":1,\"elementIdentifierId\":91,\"axisRange\":0,\"invert\":false,\"axisContribution\":0,\"keyboardKeyCode\":275,\"modifierKey1\":0,\"modifierKey2\":0,\"modifierKey3\":0,\"enabled\":true}]}"
    ],
    "MouseMappings": [
        "{\"dataVersion\":2,\"sourceMapId\":1,\"categoryId\":1,\"layoutId\":0,\"name\":\"\",\"hardwareGuid\":\"00000000-0000-0000-0000-000000000000\",\"enabled\":true,\"buttonMaps\":[],\"axisMaps\":[]}"
    ],
    "ControllerMappings": []
}